Workbook

Sheet 五维度汇总
A1: 云购生活新零售 · 第1周数据质量预评估汇总（扫描范围：ydsh_ods 6 张 ODS 表）
A2: 序号 | B2: 维度 | C2: 检查项数 | D2: 严重项数 | E2: 主要发现
A3: 1 | B3: 完整性 | C3: =COUNTIF(明细扫描!A:A,B3) -> 6 | D3: =COUNTIFS(明细扫描!A:A,B3,明细扫描!G:G,"严重") -> 1 | E3: age 缺失 5.10%、email 缺失 19.30%、launch_date 缺失 1.83%；三张事实表无空值
A4: 2 | B4: 唯一性 | C4: =COUNTIF(明细扫描!A:A,B4) -> 6 | D4: =COUNTIFS(明细扫描!A:A,B4,明细扫描!G:G,"严重") -> 1 | E4: 仅 ods_order 存在主键重复：586 个重复 order_id、多余 600 行（3.85%），其中整行重复 394 组、主键重复内容不同 192 组
A5: 3 | B5: 有效性 | C5: =COUNTIF(明细扫描!A:A,B5) -> 6 | D5: =COUNTIFS(明细扫描!A:A,B5,明细扫描!G:G,"严重") -> 3 | E5: order_status/pay_type/channel/gender/member_level/behavior_type 均存在中英文与大小写混用；商品状态规范
A6: 4 | B6: 一致性 | C6: =COUNTIF(明细扫描!A:A,B6) -> 3 | D6: =COUNTIFS(明细扫描!A:A,B6,明细扫描!G:G,"严重") -> 2 | E6: 注册日期 3 种格式混用 12.50%、订单日期 2 种格式混用 12.19%、手机号带横线 10.20%
A7: 5 | B7: 准确性 | C7: =COUNTIF(明细扫描!A:A,B7) -> 4 | D7: =COUNTIFS(明细扫描!A:A,B7,明细扫描!G:G,"严重") -> 0 | E7: 异常年龄 19 行、异常价格 36 行、异常订单金额 601 行、异常购买数量 1081 行

Sheet 明细扫描
A1: 五维度扫描明细（数据来源：sql/quality/quality_check.sql 于 Hive 实测）
A2: 维度 | B2: 表.字段 | C2: 检查项 | D2: 检测值 | E2: 基准行数 | F2: 占比 | G2: 状态
A3: 完整性 | B3: ods_user.age | C3: 空值数 | D3: 51 | E3: 1000 | F3: =IF(OR(E3="",E3=0),"",D3/E3) -> 0.051 | G3: 一般
A4: 完整性 | B4: ods_user.email | C4: 空值数 | D4: 193 | E4: 1000 | F4: =IF(OR(E4="",E4=0),"",D4/E4) -> 0.193 | G4: 严重
A5: 完整性 | B5: ods_product.launch_date | C5: 空值数 | D5: 11 | E5: 600 | F5: =IF(OR(E5="",E5=0),"",D5/E5) -> 0.018333333 | G5: 一般
A6: 完整性 | B6: ods_order.pay_amount | C6: 空值数 | D6: 0 | E6: 15600 | F6: =IF(OR(E6="",E6=0),"",D6/E6) -> 0 | G6: 良好
A7: 完整性 | B7: ods_order_item.quantity | C7: 空值数 | D7: 0 | E7: 37549 | F7: =IF(OR(E7="",E7=0),"",D7/E7) -> 0 | G7: 良好
A8: 完整性 | B8: ods_user_behavior.behavior_time | C8: 空值数 | D8: 0 | E8: 60000 | F8: =IF(OR(E8="",E8=0),"",D8/E8) -> 0 | G8: 良好
A9: 唯一性 | B9: ods_user.user_id | C9: 主键重复行数 | D9: 0 | E9: 1000 | F9: =IF(OR(E9="",E9=0),"",D9/E9) -> 0 | G9: 良好
A10: 唯一性 | B10: ods_product.product_id | C10: 主键重复行数 | D10: 0 | E10: 600 | F10: =IF(OR(E10="",E10=0),"",D10/E10) -> 0 | G10: 良好
A11: 唯一性 | B11: ods_store.store_id | C11: 主键重复行数 | D11: 0 | E11: 60 | F11: =IF(OR(E11="",E11=0),"",D11/E11) -> 0 | G11: 良好
A12: 唯一性 | B12: ods_order.order_id | C12: 主键重复多余行数 | D12: 600 | E12: 15600 | F12: =IF(OR(E12="",E12=0),"",D12/E12) -> 0.038461538 | G12: 严重
A13: 唯一性 | B13: ods_order_item.item_id | C13: 主键重复行数 | D13: 0 | E13: 37549 | F13: =IF(OR(E13="",E13=0),"",D13/E13) -> 0 | G13: 良好
A14: 唯一性 | B14: ods_user_behavior.behavior_id | C14: 主键重复行数 | D14: 0 | E14: 60000 | F14: =IF(OR(E14="",E14=0),"",D14/E14) -> 0 | G14: 良好
... A27: 一致性 | B27: ods_user.phone | C27: 带横线格式行数 | D27: 102 | E27: 1000 | F27: =IF(OR(E27="",E27=0),"",D27/E27) -> 0.102 | G27: 一般

Sheet 清洗执行结果
A1: 清洗（一）执行结果 —— 缺失值处理（输出 dwd_user / dwd_product）
A2: 表.字段 | B2: 缺失数 | C2: 处理策略 | D2: 清洗后校验 | E2: 结果
A3: ods_user.age（另异常 19 行） | B3: 51 | C3: 异常值(<1 或 >120)置 NULL 后按 gender 分组中位数填充 | D3: age_null_left=0，age_abnormal_left=0 | E3: 通过
A4: ods_user.email | B4: 193 | C4: 保留空值并新增 email_missing 标记列 | D4: 标记分布：0→807，1→193 | E4: 通过
A5: ods_product.launch_date | B5: 11 | C5: 按 trim(category) 同类目最早上架日期补全 | D5: launch_date_null_left=0 | E5: 通过
A8: 清洗（一）执行结果 —— 重复值去重（输出 dwd_order，脚本 sql/clean/dedup.sql）
A9: 指标 | B9: 数值 | C9: 说明
A10: 去重前 ods_order 行数 | B10: 15600 | C10: select count(*) from ods_order
A11: 重复 order_id 个数 | B11: 586 | C11: group by order_id having count(*)>1
A12: 多余重复行数 | B12: 600 | C12: sum(c-1)，其中整行重复 394 组、主键重复内容不同 192 组
A13: 去重后 dwd_order 行数 | B13: =B10-B12 -> 15000 | C13: row_number() over(partition by order_id order by order_time desc) 取 rn=1
A14: 去重后 order_id 重复数 | B14: 0 | C14: 校验通过（0 表示无重复）
